Timestamp,LaneState,Deviation(px),EMA_Deviation(px),BlinkerLeft,BlinkerRight,Violation
2025-10-27 16:58:42,no_lanes_detected,0,0.0,0,0,
2025-10-27 16:58:42,right_drift,110,27.5,0,0,
2025-10-27 16:58:42,right_drift,131,53.38,0,0,
2025-10-27 16:58:42,right_drift,92,63.03,0,0,
2025-10-27 16:58:43,right_drift,80,67.27,0,0,
2025-10-27 16:58:43,right_drift,92,73.46,0,0,
2025-10-27 16:58:43,right_drift,70,72.59,0,0,
2025-10-27 16:58:43,right_drift,117,83.69,0,0,
2025-10-27 16:58:43,right_drift,115,91.52,0,0,unsignaled_right_deviation
2025-10-27 16:58:43,centered,16,72.64,0,0,
2025-10-27 16:58:43,right_drift,71,72.23,0,0,
2025-10-27 16:58:43,right_drift,190,101.67,0,0,
2025-10-27 16:58:44,right_drift,51,89.0,0,0,
2025-10-27 16:58:44,right_drift,180,111.75,0,0,
2025-10-27 16:58:44,right_drift,70,101.31,0,0,
2025-10-27 16:58:44,right_drift,75,94.74,0,0,
2025-10-27 16:58:44,centered,3,71.8,0,0,
2025-10-27 16:58:44,centered,8,55.85,0,0,
2025-10-27 16:58:44,centered,8,43.89,0,0,
2025-10-27 16:58:44,lane_boundary_missing,0,32.92,0,0,
2025-10-27 16:58:45,right_drift,73,42.94,0,0,
2025-10-27 16:58:45,right_drift,53,45.45,0,0,
2025-10-27 16:58:45,centered,6,35.59,0,0,
2025-10-27 16:58:45,centered,-6,25.19,0,0,
2025-10-27 16:58:45,lane_boundary_missing,0,18.89,0,0,
2025-10-27 16:58:45,right_drift,168,56.17,0,0,
2025-10-27 16:58:45,right_drift,166,83.63,0,0,
2025-10-27 16:58:46,right_drift,118,92.22,0,0,
2025-10-27 16:58:46,right_drift,148,106.17,0,0,
2025-10-27 16:58:46,right_drift,142,115.12,0,0,
2025-10-27 16:58:46,centered,36,95.34,0,0,
2025-10-27 16:58:46,right_drift,128,103.51,0,0,
2025-10-27 16:58:46,right_drift,123,108.38,0,0,unsignaled_right_deviation
2025-10-27 16:58:46,centered,18,85.79,0,0,
2025-10-27 16:58:46,centered,2,64.84,0,0,
2025-10-27 16:58:47,right_drift,151,86.38,0,0,
2025-10-27 16:58:47,right_drift,151,102.53,0,0,
2025-10-27 16:58:47,right_drift,114,105.4,0,0,
2025-10-27 16:58:47,right_drift,139,113.8,0,0,
2025-10-27 16:58:47,right_drift,137,119.6,0,0,
2025-10-27 16:58:47,right_drift,138,124.2,0,0,
2025-10-27 16:58:47,right_drift,127,124.9,0,0,
2025-10-27 16:58:48,right_drift,105,119.93,0,0,
2025-10-27 16:58:48,right_drift,121,120.19,0,0,
2025-10-27 16:58:48,right_drift,100,115.15,0,0,
2025-10-27 16:58:48,right_drift,140,121.36,0,0,
2025-10-27 16:58:48,right_drift,115,119.77,0,0,
2025-10-27 16:58:48,right_drift,110,117.33,0,0,
2025-10-27 16:58:48,right_drift,127,119.75,0,0,
2025-10-27 16:58:48,right_drift,105,116.06,0,0,
2025-10-27 16:58:49,right_drift,128,119.04,0,0,
2025-10-27 16:58:49,right_drift,141,124.53,0,0,
2025-10-27 16:58:49,right_drift,142,128.9,0,0,
2025-10-27 16:58:49,right_drift,144,132.67,0,0,
2025-10-27 16:58:49,right_drift,123,130.26,0,0,
2025-10-27 16:58:49,right_drift,108,124.69,0,0,unsignaled_right_deviation
2025-10-27 16:58:49,right_drift,108,120.52,0,0,
2025-10-27 16:58:49,right_drift,149,127.64,0,0,
2025-10-27 16:58:50,right_drift,145,131.98,0,0,
2025-10-27 16:58:50,right_drift,132,131.98,0,0,
2025-10-27 16:58:50,right_drift,88,120.99,0,0,
2025-10-27 16:58:50,right_drift,124,121.74,0,0,
2025-10-27 16:58:50,centered,12,94.31,0,0,
2025-10-27 16:58:50,centered,17,74.98,0,0,
2025-10-27 16:58:50,centered,-5,54.98,0,0,
2025-10-27 16:58:51,centered,-4,40.24,0,0,
2025-10-27 16:58:51,centered,5,31.43,0,0,
2025-10-27 16:58:51,right_drift,113,51.82,0,0,
2025-10-27 16:58:51,right_drift,49,51.12,0,0,
2025-10-27 16:58:51,right_drift,132,71.34,0,0,
2025-10-27 16:58:51,right_drift,111,81.25,0,0,
2025-10-27 16:58:51,right_drift,121,91.19,0,0,
2025-10-27 16:58:51,right_drift,119,98.14,0,0,
2025-10-27 16:58:52,right_drift,112,101.61,0,0,
2025-10-27 16:58:52,right_drift,120,106.21,0,0,
2025-10-27 16:58:52,right_drift,111,107.4,0,0,
2025-10-27 16:58:52,right_drift,87,102.3,0,0,
2025-10-27 16:58:52,centered,15,80.48,0,0,
2025-10-27 16:58:52,right_drift,115,89.11,0,0,unsignaled_right_deviation
2025-10-27 16:58:52,right_drift,124,97.83,0,0,
2025-10-27 16:58:53,centered,18,77.87,0,0,
2025-10-27 16:58:53,right_drift,105,84.65,0,0,
2025-10-27 16:58:53,centered,22,68.99,0,0,
2025-10-27 16:58:53,centered,18,56.24,0,0,
2025-10-27 16:58:53,right_drift,111,69.93,0,0,
2025-10-27 16:58:53,right_drift,110,79.95,0,0,
2025-10-27 16:58:53,left_drift,-46,48.46,0,0,
2025-10-27 16:58:53,lane_boundary_missing,0,36.35,0,0,
2025-10-27 16:58:54,lane_boundary_missing,0,27.26,0,0,
2025-10-27 16:58:54,lane_boundary_missing,0,20.44,0,0,
2025-10-27 16:58:54,lane_boundary_missing,0,15.33,0,0,
2025-10-27 16:58:54,right_drift,65,27.75,0,0,
2025-10-27 16:58:54,lane_boundary_missing,0,20.81,0,0,
2025-10-27 16:58:54,left_drift,-78,-3.89,0,0,
2025-10-27 16:58:54,left_drift,-69,-20.17,0,0,
2025-10-27 16:58:54,centered,-26,-21.63,0,0,
2025-10-27 16:58:55,left_drift,-84,-37.22,0,0,
2025-10-27 16:58:55,left_drift,-45,-39.16,0,0,
2025-10-27 16:58:55,centered,-7,-31.12,0,0,
2025-10-27 16:58:55,right_drift,44,-12.34,0,0,
2025-10-27 16:58:55,centered,-26,-15.76,0,0,
2025-10-27 16:58:55,left_drift,-79,-31.57,0,0,
2025-10-27 16:58:55,centered,-37,-32.93,0,0,
2025-10-27 16:58:56,centered,-26,-31.19,0,0,
2025-10-27 16:58:56,left_drift,-102,-48.9,0,0,
2025-10-27 16:58:56,centered,-15,-40.42,0,0,
2025-10-27 16:58:56,left_drift,-56,-44.32,0,0,
2025-10-27 16:58:56,left_drift,-49,-45.49,0,0,
2025-10-27 16:58:56,centered,-36,-43.12,0,0,
2025-10-27 16:58:56,centered,-13,-35.59,0,0,
2025-10-27 16:58:56,right_drift,65,-10.44,0,0,
2025-10-27 16:58:57,centered,28,-0.83,0,0,
2025-10-27 16:58:57,right_drift,50,11.88,0,0,
2025-10-27 16:58:57,right_drift,71,26.66,0,0,
2025-10-27 16:58:57,right_drift,58,34.49,0,0,
2025-10-27 16:58:57,right_drift,108,52.87,0,0,
2025-10-27 16:58:57,right_drift,89,61.9,0,0,
2025-10-27 16:58:57,right_drift,137,80.68,0,0,
2025-10-27 16:58:58,right_drift,81,80.76,0,0,
2025-10-27 16:58:58,right_drift,95,84.32,0,0,
2025-10-27 16:58:58,right_drift,74,81.74,0,0,
2025-10-27 16:58:58,right_drift,66,77.8,0,0,unsignaled_right_deviation
2025-10-27 16:58:58,right_drift,102,83.85,0,0,
2025-10-27 16:58:58,right_drift,70,80.39,0,0,
2025-10-27 16:58:58,right_drift,55,74.04,0,0,
2025-10-27 16:58:58,lane_boundary_missing,0,55.53,0,0,
2025-10-27 16:58:59,lane_boundary_missing,0,41.65,0,0,
2025-10-27 16:58:59,right_drift,81,51.49,0,0,
2025-10-27 16:58:59,right_drift,101,63.86,0,0,
2025-10-27 16:58:59,right_drift,83,68.65,0,0,
2025-10-27 16:58:59,right_drift,59,66.24,0,0,
2025-10-27 16:58:59,lane_boundary_missing,0,49.68,0,0,
2025-10-27 16:58:59,right_drift,81,57.51,0,0,
2025-10-27 16:59:00,centered,-11,40.38,0,0,
2025-10-27 16:59:00,centered,-2,29.79,0,0,
2025-10-27 16:59:00,lane_boundary_missing,0,22.34,0,0,
2025-10-27 16:59:00,centered,1,17.0,0,0,
2025-10-27 16:59:00,lane_boundary_missing,0,12.75,0,0,
2025-10-27 16:59:00,centered,-22,4.07,0,0,
2025-10-27 16:59:00,right_drift,72,21.05,0,0,
2025-10-27 16:59:00,right_drift,78,35.29,0,0,
2025-10-27 16:59:01,right_drift,91,49.21,0,0,
2025-10-27 16:59:01,right_drift,84,57.91,0,0,
2025-10-27 16:59:01,right_drift,53,56.68,0,0,
2025-10-27 16:59:01,right_drift,42,53.01,0,0,
2025-10-27 16:59:01,centered,16,43.76,0,0,
2025-10-27 16:59:01,right_drift,68,49.82,0,0,
2025-10-27 16:59:01,right_drift,45,48.61,0,0,
2025-10-27 16:59:02,right_drift,51,49.21,0,0,
2025-10-27 16:59:02,right_drift,42,47.41,0,0,
2025-10-27 16:59:02,right_drift,58,50.06,0,0,
2025-10-27 16:59:02,right_drift,50,50.04,0,0,
2025-10-27 16:59:02,right_drift,51,50.28,0,0,
2025-10-27 16:59:02,right_drift,65,53.96,0,0,
2025-10-27 16:59:02,right_drift,61,55.72,0,0,
2025-10-27 16:59:02,centered,35,50.54,0,0,
2025-10-27 16:59:03,right_drift,52,50.91,0,0,
2025-10-27 16:59:03,right_drift,53,51.43,0,0,
2025-10-27 16:59:03,right_drift,59,53.32,0,0,
2025-10-27 16:59:03,right_drift,52,52.99,0,0,
2025-10-27 16:59:03,centered,28,46.74,0,0,
2025-10-27 16:59:03,right_drift,55,48.81,0,0,
2025-10-27 16:59:03,centered,27,43.36,0,0,
2025-10-27 16:59:04,right_drift,75,51.27,0,0,
2025-10-27 16:59:04,right_drift,72,56.45,0,0,
2025-10-27 16:59:04,right_drift,51,55.09,0,0,
2025-10-27 16:59:04,centered,28,48.32,0,0,
2025-10-27 16:59:04,centered,37,45.49,0,0,
2025-10-27 16:59:04,centered,7,35.87,0,0,
2025-10-27 16:59:04,centered,35,35.65,0,0,
2025-10-27 16:59:04,centered,21,31.99,0,0,
2025-10-27 16:59:05,centered,27,30.74,0,0,
2025-10-27 16:59:05,right_drift,49,35.3,0,0,
2025-10-27 16:59:05,right_drift,49,38.73,0,0,
2025-10-27 16:59:05,right_drift,56,43.05,0,0,
2025-10-27 16:59:05,right_drift,61,47.53,0,0,
2025-10-27 16:59:05,right_drift,61,50.9,0,0,
2025-10-27 16:59:05,right_drift,61,53.43,0,0,
2025-10-27 16:59:06,centered,-10,37.57,0,0,
2025-10-27 16:59:06,centered,7,29.93,0,0,
2025-10-27 16:59:06,right_drift,90,44.95,0,0,
2025-10-27 16:59:06,right_drift,51,46.46,0,0,
2025-10-27 16:59:06,centered,28,41.84,0,0,
2025-10-27 16:59:06,centered,29,38.63,0,0,
2025-10-27 16:59:06,centered,-7,27.22,0,0,
2025-10-27 16:59:06,centered,12,23.42,0,0,
2025-10-27 16:59:07,centered,3,18.31,0,0,
2025-10-27 16:59:07,right_drift,44,24.74,0,0,
2025-10-27 16:59:07,right_drift,44,29.55,0,0,
2025-10-27 16:59:07,right_drift,75,40.91,0,0,
2025-10-27 16:59:07,right_drift,50,43.19,0,0,
2025-10-27 16:59:07,right_drift,50,44.89,0,0,
2025-10-27 16:59:07,centered,35,42.42,0,0,
2025-10-27 16:59:08,centered,2,32.31,0,0,
2025-10-27 16:59:08,centered,31,31.98,0,0,
2025-10-27 16:59:08,centered,1,24.24,0,0,
2025-10-27 16:59:08,centered,19,22.93,0,0,
2025-10-27 16:59:08,right_drift,57,31.45,0,0,
2025-10-27 16:59:08,right_drift,49,35.83,0,0,
2025-10-27 16:59:08,right_drift,51,39.63,0,0,
2025-10-27 16:59:08,right_drift,83,50.47,0,0,
2025-10-27 16:59:09,right_drift,73,56.1,0,0,
2025-10-27 16:59:09,right_drift,89,64.33,0,0,
2025-10-27 16:59:09,right_drift,88,70.25,0,0,
2025-10-27 16:59:09,centered,32,60.68,0,0,
2025-10-27 16:59:09,right_drift,73,63.76,0,0,
2025-10-27 16:59:09,right_drift,84,68.82,0,0,
2025-10-27 16:59:09,right_drift,77,70.87,0,0,unsignaled_right_deviation
2025-10-27 16:59:10,right_drift,71,70.9,0,0,
2025-10-27 16:59:10,right_drift,72,71.17,0,0,
2025-10-27 16:59:10,right_drift,65,69.63,0,0,
2025-10-27 16:59:10,right_drift,46,63.72,0,0,
2025-10-27 16:59:10,right_drift,54,61.29,0,0,
2025-10-27 16:59:10,right_drift,57,60.22,0,0,
2025-10-27 16:59:10,right_drift,52,58.16,0,0,
2025-10-27 16:59:10,centered,29,50.87,0,0,
2025-10-27 16:59:11,right_drift,50,50.66,0,0,
2025-10-27 16:59:11,right_drift,79,57.74,0,0,
2025-10-27 16:59:11,right_drift,69,60.56,0,0,
2025-10-27 16:59:11,right_drift,52,58.42,0,0,
2025-10-27 16:59:11,right_drift,54,57.31,0,0,
2025-10-27 16:59:11,centered,21,48.23,0,0,
2025-10-27 16:59:11,right_drift,89,58.43,0,0,
2025-10-27 16:59:12,centered,12,46.82,0,0,
2025-10-27 16:59:12,right_drift,89,57.36,0,0,
2025-10-27 16:59:12,right_drift,62,58.52,0,0,
2025-10-27 16:59:12,right_drift,52,56.89,0,0,
2025-10-27 16:59:12,right_drift,46,54.17,0,0,
2025-10-27 16:59:12,centered,29,47.88,0,0,
2025-10-27 16:59:12,centered,7,37.66,0,0,
2025-10-27 16:59:12,centered,24,34.24,0,0,
2025-10-27 16:59:13,right_drift,44,36.68,0,0,
2025-10-27 16:59:13,right_drift,67,44.26,0,0,
2025-10-27 16:59:13,right_drift,111,60.95,0,0,
2025-10-27 16:59:13,right_drift,73,63.96,0,0,
2025-10-27 16:59:13,right_drift,103,73.72,0,0,
2025-10-27 16:59:13,right_drift,59,70.04,0,0,
2025-10-27 16:59:13,right_drift,77,71.78,0,0,
2025-10-27 16:59:14,right_drift,83,74.58,0,0,unsignaled_right_deviation
2025-10-27 16:59:14,right_drift,69,73.19,0,0,
2025-10-27 16:59:14,right_drift,59,69.64,0,0,
2025-10-27 16:59:14,right_drift,82,72.73,0,0,
2025-10-27 16:59:14,right_drift,94,78.05,0,0,
2025-10-27 16:59:14,right_drift,104,84.54,0,0,
2025-10-27 16:59:14,right_drift,128,95.4,0,0,
2025-10-27 16:59:14,centered,32,79.55,0,0,
2025-10-27 16:59:15,right_drift,91,82.41,0,0,
2025-10-27 16:59:15,right_drift,136,95.81,0,0,
2025-10-27 16:59:15,right_drift,130,104.36,0,0,
2025-10-27 16:59:15,right_drift,86,99.77,0,0,
2025-10-27 16:59:15,right_drift,93,98.08,0,0,
2025-10-27 16:59:15,centered,13,76.81,0,0,
2025-10-27 16:59:15,right_drift,78,77.11,0,0,
2025-10-27 16:59:16,right_drift,75,76.58,0,0,
2025-10-27 16:59:16,right_drift,58,71.93,0,0,
2025-10-27 16:59:16,right_drift,45,65.2,0,0,
2025-10-27 16:59:16,right_drift,68,65.9,0,0,
2025-10-27 16:59:16,right_drift,74,67.93,0,0,
2025-10-27 16:59:16,right_drift,57,65.19,0,0,
2025-10-27 16:59:16,right_drift,54,62.4,0,0,
2025-10-27 16:59:16,right_drift,100,71.8,0,0,
2025-10-27 16:59:17,centered,39,63.6,0,0,unsignaled_right_deviation
2025-10-27 16:59:17,right_drift,92,70.7,0,0,
2025-10-27 16:59:17,right_drift,55,66.77,0,0,
2025-10-27 16:59:17,right_drift,73,68.33,0,0,
2025-10-27 16:59:17,right_drift,86,72.75,0,0,
2025-10-27 16:59:17,right_drift,95,78.31,0,0,
2025-10-27 16:59:17,centered,31,66.48,0,0,
2025-10-27 16:59:18,centered,33,58.11,0,0,
2025-10-27 16:59:18,right_drift,69,60.83,0,0,
2025-10-27 16:59:18,right_drift,91,68.38,0,0,
2025-10-27 16:59:18,right_drift,166,92.78,0,0,
2025-10-27 16:59:18,right_drift,176,113.59,0,0,
2025-10-27 16:59:18,lane_boundary_missing,0,85.19,0,0,
2025-10-27 16:59:18,lane_boundary_missing,0,63.89,0,0,
2025-10-27 16:59:18,centered,12,50.92,0,0,
2025-10-27 16:59:19,right_drift,90,60.69,0,0,
2025-10-27 16:59:19,right_drift,74,64.02,0,0,
2025-10-27 16:59:19,right_drift,56,62.01,0,0,
2025-10-27 16:59:19,centered,28,53.51,0,0,
2025-10-27 16:59:19,right_drift,85,61.38,0,0,
2025-10-27 16:59:19,right_drift,61,61.29,0,0,
2025-10-27 16:59:19,right_drift,87,67.71,0,0,
2025-10-27 16:59:20,right_drift,92,73.79,0,0,
2025-10-27 16:59:20,right_drift,113,83.59,0,0,unsignaled_right_deviation
2025-10-27 16:59:20,right_drift,112,90.69,0,0,
2025-10-27 16:59:20,right_drift,79,87.77,0,0,
2025-10-27 16:59:20,right_drift,94,89.33,0,0,
2025-10-27 16:59:20,right_drift,97,91.25,0,0,
2025-10-27 16:59:20,right_drift,79,88.18,0,0,
2025-10-27 16:59:20,right_drift,77,85.39,0,0,
2025-10-27 16:59:21,right_drift,78,83.54,0,0,
2025-10-27 16:59:21,right_drift,80,82.66,0,0,
2025-10-27 16:59:21,right_drift,54,75.49,0,0,
2025-10-27 16:59:21,right_drift,59,71.37,0,0,
2025-10-27 16:59:21,right_drift,96,77.53,0,0,
2025-10-27 16:59:21,right_drift,80,78.14,0,0,
2025-10-27 16:59:21,right_drift,82,79.11,0,0,
2025-10-27 16:59:22,right_drift,56,73.33,0,0,
2025-10-27 16:59:22,right_drift,89,77.25,0,0,
2025-10-27 16:59:22,right_drift,58,72.44,0,0,
2025-10-27 16:59:22,right_drift,83,75.08,0,0,
2025-10-27 16:59:22,right_drift,53,69.56,0,0,
2025-10-27 16:59:22,right_drift,109,79.42,0,0,
2025-10-27 16:59:22,right_drift,46,71.06,0,0,
2025-10-27 16:59:22,right_drift,94,76.8,0,0,
2025-10-27 16:59:23,right_drift,83,78.35,0,0,
2025-10-27 16:59:23,right_drift,68,75.76,0,0,unsignaled_right_deviation
2025-10-27 16:59:23,right_drift,54,70.32,0,0,
2025-10-27 16:59:23,right_drift,63,68.49,0,0,
2025-10-27 16:59:23,right_drift,64,67.37,0,0,
2025-10-27 16:59:23,right_drift,95,74.28,0,0,
2025-10-27 16:59:23,right_drift,68,72.71,0,0,
2025-10-27 16:59:24,right_drift,59,69.28,0,0,
2025-10-27 16:59:24,right_drift,57,66.21,0,0,
2025-10-27 16:59:24,right_drift,90,72.16,0,0,
2025-10-27 16:59:24,right_drift,106,80.62,0,0,
2025-10-27 16:59:24,right_drift,59,75.21,0,0,
2025-10-27 16:59:24,right_drift,87,78.16,0,0,
2025-10-27 16:59:24,right_drift,110,86.12,0,0,
2025-10-27 16:59:24,right_drift,76,83.59,0,0,
2025-10-27 16:59:25,right_drift,85,83.94,0,0,
2025-10-27 16:59:25,centered,26,69.46,0,0,
2025-10-27 16:59:25,centered,27,58.84,0,0,
2025-10-27 16:59:25,right_drift,56,58.13,0,0,
2025-10-27 16:59:25,right_drift,97,67.85,0,0,
2025-10-27 16:59:25,right_drift,94,74.39,0,0,
2025-10-27 16:59:25,right_drift,70,73.29,0,0,
2025-10-27 16:59:25,centered,15,58.72,0,0,
2025-10-27 16:59:26,centered,37,53.29,0,0,
2025-10-27 16:59:26,right_drift,49,52.22,0,0,
2025-10-27 16:59:26,lane_boundary_missing,0,39.16,0,0,
2025-10-27 16:59:26,centered,10,31.87,0,0,
2025-10-27 16:59:26,lane_boundary_missing,0,23.9,0,0,
2025-10-27 16:59:26,lane_boundary_missing,0,17.93,0,0,
2025-10-27 16:59:26,centered,-24,7.45,0,0,
2025-10-27 16:59:27,centered,-21,0.33,0,0,
2025-10-27 16:59:27,lane_boundary_missing,0,0.25,0,0,
2025-10-27 16:59:27,lane_boundary_missing,0,0.19,0,0,
2025-10-27 16:59:27,right_drift,72,18.14,0,0,
2025-10-27 16:59:27,right_drift,68,30.61,0,0,
2025-10-27 16:59:27,right_drift,59,37.7,0,0,
2025-10-27 16:59:27,centered,16,32.28,0,0,
2025-10-27 16:59:27,centered,38,33.71,0,0,
2025-10-27 16:59:28,centered,8,27.28,0,0,
2025-10-27 16:59:28,centered,12,23.46,0,0,
2025-10-27 16:59:28,centered,-11,14.85,0,0,
2025-10-27 16:59:28,centered,15,14.88,0,0,
2025-10-27 16:59:28,centered,30,18.66,0,0,
2025-10-27 16:59:28,right_drift,58,28.5,0,0,
2025-10-27 16:59:28,centered,38,30.87,0,0,
2025-10-27 16:59:29,centered,37,32.4,0,0,
2025-10-27 16:59:29,centered,39,34.05,0,0,
2025-10-27 16:59:29,centered,32,33.54,0,0,
2025-10-27 16:59:29,centered,-1,24.91,0,0,
2025-10-27 16:59:29,centered,36,27.68,0,0,
2025-10-27 16:59:29,centered,22,26.26,0,0,
2025-10-27 16:59:29,centered,28,26.69,0,0,
2025-10-27 16:59:29,centered,9,22.27,0,0,
2025-10-27 16:59:30,centered,22,22.2,0,0,
2025-10-27 16:59:30,centered,21,21.9,0,0,
2025-10-27 16:59:30,right_drift,74,34.93,0,0,
2025-10-27 16:59:30,centered,30,33.7,0,0,
2025-10-27 16:59:30,centered,31,33.02,0,0,
2025-10-27 16:59:30,right_drift,70,42.27,0,0,
2025-10-27 16:59:30,right_drift,74,50.2,0,0,
2025-10-27 16:59:31,right_drift,61,52.9,0,0,
2025-10-27 16:59:31,right_drift,61,54.92,0,0,
2025-10-27 16:59:31,centered,39,50.94,0,0,
2025-10-27 16:59:31,centered,20,43.21,0,0,
2025-10-27 16:59:31,centered,19,37.16,0,0,
2025-10-27 16:59:31,right_drift,43,38.62,0,0,
2025-10-27 16:59:31,right_drift,73,47.21,0,0,
2025-10-27 16:59:31,centered,17,39.66,0,0,
2025-10-27 16:59:32,right_drift,65,45.99,0,0,
2025-10-27 16:59:32,right_drift,74,53.0,0,0,
2025-10-27 16:59:32,centered,38,49.25,0,0,
2025-10-27 16:59:32,centered,30,44.44,0,0,
2025-10-27 16:59:32,right_drift,72,51.33,0,0,
2025-10-27 16:59:32,right_drift,84,59.49,0,0,
2025-10-27 16:59:32,right_drift,90,67.12,0,0,
2025-10-27 16:59:33,right_drift,59,65.09,0,0,
2025-10-27 16:59:33,right_drift,79,68.57,0,0,
2025-10-27 16:59:33,centered,19,56.18,0,0,
2025-10-27 16:59:33,right_drift,91,64.88,0,0,
2025-10-27 16:59:33,right_drift,56,62.66,0,0,
2025-10-27 16:59:33,lane_boundary_missing,0,47.0,0,0,
2025-10-27 16:59:33,right_drift,113,63.5,0,0,
2025-10-27 16:59:33,right_drift,114,76.12,0,0,
2025-10-27 16:59:34,right_drift,87,78.84,0,0,unsignaled_right_deviation
2025-10-27 16:59:34,right_drift,58,73.63,0,0,
2025-10-27 16:59:34,lane_boundary_missing,0,55.22,0,0,
2025-10-27 16:59:34,centered,-1,41.17,0,0,
2025-10-27 16:59:34,right_drift,58,45.38,0,0,
2025-10-27 16:59:34,centered,27,40.78,0,0,
2025-10-27 16:59:34,right_drift,111,58.34,0,0,
2025-10-27 16:59:35,centered,30,51.25,0,0,
2025-10-27 16:59:35,right_drift,82,58.94,0,0,
2025-10-27 16:59:35,right_drift,82,64.7,0,0,
2025-10-27 16:59:35,right_drift,66,65.03,0,0,
2025-10-27 16:59:35,centered,40,58.77,0,0,
2025-10-27 16:59:35,right_drift,44,55.08,0,0,
2025-10-27 16:59:35,right_drift,89,63.56,0,0,
2025-10-27 16:59:35,centered,20,52.67,0,0,
2025-10-27 16:59:36,centered,29,46.75,0,0,
2025-10-27 16:59:36,right_drift,45,46.31,0,0,
2025-10-27 16:59:36,right_drift,81,54.99,0,0,
2025-10-27 16:59:36,right_drift,80,61.24,0,0,
2025-10-27 16:59:36,right_drift,112,73.93,0,0,
2025-10-27 16:59:36,right_drift,101,80.7,0,0,
2025-10-27 16:59:36,right_drift,121,90.77,0,0,
2025-10-27 16:59:37,right_drift,114,96.58,0,0,
2025-10-27 16:59:37,right_drift,55,86.18,0,0,unsignaled_right_deviation
2025-10-27 16:59:37,right_drift,46,76.14,0,0,
2025-10-27 16:59:37,lane_boundary_missing,0,57.1,0,0,
2025-10-27 16:59:37,right_drift,89,65.08,0,0,
2025-10-27 16:59:37,right_drift,125,80.06,0,0,
2025-10-27 16:59:37,right_drift,98,84.54,0,0,
2025-10-27 16:59:37,right_drift,117,92.66,0,0,
2025-10-27 16:59:38,right_drift,94,92.99,0,0,
2025-10-27 16:59:38,right_drift,66,86.25,0,0,
2025-10-27 16:59:38,right_drift,52,77.68,0,0,
2025-10-27 16:59:38,right_drift,118,87.76,0,0,
2025-10-27 16:59:38,right_drift,63,81.57,0,0,
2025-10-27 16:59:38,right_drift,173,104.43,0,0,
2025-10-27 16:59:38,right_drift,104,104.32,0,0,
2025-10-27 16:59:39,centered,14,81.74,0,0,
2025-10-27 16:59:39,right_drift,55,75.06,0,0,
2025-10-27 16:59:39,right_drift,113,84.54,0,0,
2025-10-27 16:59:39,right_drift,84,84.41,0,0,
2025-10-27 16:59:39,right_drift,47,75.05,0,0,
2025-10-27 16:59:39,right_drift,61,71.54,0,0,
2025-10-27 16:59:39,right_drift,109,80.91,0,0,
2025-10-27 16:59:39,right_drift,98,85.18,0,0,
2025-10-27 16:59:40,right_drift,170,106.38,0,0,
2025-10-27 16:59:40,right_drift,96,103.79,0,0,unsignaled_right_deviation
2025-10-27 16:59:40,lane_boundary_missing,0,77.84,0,0,
2025-10-27 16:59:40,right_drift,49,70.63,0,0,
2025-10-27 16:59:40,right_drift,63,68.72,0,0,
2025-10-27 16:59:40,right_drift,83,72.29,0,0,
2025-10-27 16:59:40,right_drift,77,73.47,0,0,
2025-10-27 16:59:41,right_drift,84,76.1,0,0,
2025-10-27 16:59:41,right_drift,98,81.58,0,0,
2025-10-27 16:59:41,right_drift,119,90.93,0,0,
2025-10-27 16:59:41,right_drift,127,99.95,0,0,
2025-10-27 16:59:41,right_drift,110,102.46,0,0,
2025-10-27 16:59:41,right_drift,87,98.6,0,0,
2025-10-27 16:59:41,right_drift,99,98.7,0,0,
2025-10-27 16:59:41,right_drift,102,99.52,0,0,
2025-10-27 16:59:42,right_drift,60,89.64,0,0,
2025-10-27 16:59:42,right_drift,72,85.23,0,0,
2025-10-27 16:59:42,right_drift,103,89.67,0,0,
2025-10-27 16:59:42,right_drift,121,97.51,0,0,
2025-10-27 16:59:42,right_drift,91,95.88,0,0,
2025-10-27 16:59:42,right_drift,67,88.66,0,0,
2025-10-27 16:59:42,centered,27,73.24,0,0,
2025-10-27 16:59:43,right_drift,54,68.43,0,0,
2025-10-27 16:59:43,right_drift,88,73.32,0,0,
2025-10-27 16:59:43,right_drift,127,86.74,0,0,unsignaled_right_deviation
2025-10-27 16:59:43,right_drift,114,93.56,0,0,
2025-10-27 16:59:43,right_drift,132,103.17,0,0,
2025-10-27 16:59:43,right_drift,109,104.63,0,0,
2025-10-27 16:59:43,right_drift,89,100.72,0,0,
2025-10-27 16:59:43,right_drift,97,99.79,0,0,
2025-10-27 16:59:44,right_drift,90,97.34,0,0,
2025-10-27 16:59:44,right_drift,86,94.51,0,0,
2025-10-27 16:59:44,right_drift,99,95.63,0,0,
2025-10-27 16:59:44,right_drift,93,94.97,0,0,
2025-10-27 16:59:44,right_drift,61,86.48,0,0,
2025-10-27 16:59:44,right_drift,76,83.86,0,0,
2025-10-27 16:59:44,right_drift,111,90.64,0,0,
2025-10-27 16:59:45,right_drift,89,90.23,0,0,
2025-10-27 16:59:45,right_drift,89,89.93,0,0,
2025-10-27 16:59:45,right_drift,110,94.94,0,0,
2025-10-27 16:59:45,right_drift,91,93.96,0,0,
2025-10-27 16:59:45,right_drift,90,92.97,0,0,
2025-10-27 16:59:45,right_drift,77,88.98,0,0,
2025-10-27 16:59:45,right_drift,77,85.98,0,0,
2025-10-27 16:59:45,right_drift,94,87.99,0,0,
2025-10-27 16:59:46,right_drift,110,93.49,0,0,
2025-10-27 16:59:46,right_drift,125,101.37,0,0,
2025-10-27 16:59:46,right_drift,125,107.28,0,0,unsignaled_right_deviation
2025-10-27 16:59:46,right_drift,124,111.46,0,0,
2025-10-27 16:59:46,right_drift,125,114.84,0,0,
2025-10-27 16:59:46,right_drift,79,105.88,0,0,
2025-10-27 16:59:46,right_drift,98,103.91,0,0,
2025-10-27 16:59:47,right_drift,89,100.18,0,0,
2025-10-27 16:59:47,right_drift,80,95.14,0,0,
2025-10-27 16:59:47,centered,28,78.35,0,0,
2025-10-27 16:59:47,right_drift,87,80.51,0,0,
2025-10-27 16:59:47,right_drift,137,94.64,0,0,
2025-10-27 16:59:47,right_drift,134,104.48,0,0,
2025-10-27 16:59:47,right_drift,110,105.86,0,0,
2025-10-27 16:59:47,right_drift,112,107.39,0,0,
2025-10-27 16:59:48,right_drift,133,113.8,0,0,
2025-10-27 16:59:48,right_drift,80,105.35,0,0,
2025-10-27 16:59:48,right_drift,56,93.01,0,0,
2025-10-27 16:59:48,right_drift,111,97.51,0,0,
2025-10-27 16:59:48,right_drift,111,100.88,0,0,
2025-10-27 16:59:48,right_drift,91,98.41,0,0,
2025-10-27 16:59:48,centered,19,78.56,0,0,
2025-10-27 16:59:49,right_drift,113,87.17,0,0,
2025-10-27 16:59:49,right_drift,92,88.38,0,0,
2025-10-27 16:59:49,right_drift,90,88.78,0,0,
2025-10-27 16:59:49,right_drift,112,94.59,0,0,unsignaled_right_deviation
2025-10-27 16:59:49,right_drift,110,98.44,0,0,
2025-10-27 16:59:49,right_drift,126,105.33,0,0,
2025-10-27 16:59:49,right_drift,112,107.0,0,0,
2025-10-27 16:59:49,right_drift,111,108.0,0,0,
2025-10-27 16:59:50,right_drift,79,100.75,0,0,
2025-10-27 16:59:50,right_drift,94,99.06,0,0,
2025-10-27 16:59:50,right_drift,106,100.8,0,0,
2025-10-27 16:59:50,centered,37,84.85,0,0,
2025-10-27 16:59:50,right_drift,92,86.64,0,0,
2025-10-27 16:59:50,right_drift,89,87.23,0,0,
2025-10-27 16:59:50,right_drift,54,78.92,0,0,
2025-10-27 16:59:50,right_drift,101,84.44,0,0,
2025-10-27 16:59:51,right_drift,93,86.58,0,0,
2025-10-27 16:59:51,right_drift,91,87.68,0,0,
2025-10-27 16:59:51,right_drift,111,93.51,0,0,
2025-10-27 16:59:51,centered,39,79.89,0,0,
2025-10-27 16:59:51,right_drift,106,86.41,0,0,
2025-10-27 16:59:51,right_drift,137,99.06,0,0,
2025-10-27 16:59:51,right_drift,108,101.3,0,0,
2025-10-27 16:59:52,right_drift,79,95.72,0,0,
2025-10-27 16:59:52,right_drift,92,94.79,0,0,
2025-10-27 16:59:52,right_drift,78,90.59,0,0,
2025-10-27 16:59:52,centered,39,77.7,0,0,
2025-10-27 16:59:52,right_drift,61,73.52,0,0,unsignaled_right_deviation
2025-10-27 16:59:52,right_drift,104,81.14,0,0,
2025-10-27 16:59:52,right_drift,85,82.11,0,0,
2025-10-27 16:59:52,right_drift,85,82.83,0,0,
2025-10-27 16:59:53,right_drift,44,73.12,0,0,
2025-10-27 16:59:53,right_drift,61,70.09,0,0,
2025-10-27 16:59:53,right_drift,111,80.32,0,0,
2025-10-27 16:59:53,right_drift,111,87.99,0,0,
2025-10-27 16:59:53,right_drift,195,114.74,0,0,
2025-10-27 16:59:53,right_drift,148,123.06,0,0,
2025-10-27 16:59:53,right_drift,155,131.04,0,0,
2025-10-27 16:59:54,right_drift,115,127.03,0,0,
2025-10-27 16:59:54,right_drift,129,127.52,0,0,
2025-10-27 16:59:54,right_drift,111,123.39,0,0,
2025-10-27 16:59:54,right_drift,112,120.54,0,0,
2025-10-27 16:59:54,right_drift,131,123.16,0,0,
2025-10-27 16:59:54,right_drift,159,132.12,0,0,
2025-10-27 16:59:54,right_drift,58,113.59,0,0,
2025-10-27 16:59:54,centered,22,90.69,0,0,
2025-10-27 16:59:55,right_drift,64,84.02,0,0,
2025-10-27 16:59:55,right_drift,119,92.76,0,0,
2025-10-27 16:59:55,right_drift,62,85.07,0,0,
2025-10-27 16:59:55,right_drift,79,83.55,0,0,
2025-10-27 16:59:55,right_drift,53,75.92,0,0,unsignaled_right_deviation
2025-10-27 16:59:55,right_drift,45,68.19,0,0,
2025-10-27 16:59:55,right_drift,45,62.39,0,0,
2025-10-27 16:59:55,lane_boundary_missing,0,46.79,0,0,
2025-10-27 16:59:56,lane_boundary_missing,0,35.09,0,0,
2025-10-27 16:59:56,right_drift,118,55.82,0,0,
2025-10-27 16:59:56,right_drift,101,67.12,0,0,
2025-10-27 16:59:56,right_drift,43,61.09,0,0,
2025-10-27 16:59:56,right_drift,63,61.57,0,0,
2025-10-27 16:59:56,right_drift,122,76.67,0,0,
2025-10-27 16:59:56,right_drift,94,81.01,0,0,
2025-10-27 16:59:57,lane_boundary_missing,0,60.75,0,0,
2025-10-27 16:59:57,centered,35,54.32,0,0,
2025-10-27 16:59:57,lane_boundary_missing,0,40.74,0,0,
2025-10-27 16:59:57,centered,-11,27.8,0,0,
2025-10-27 16:59:57,centered,-29,13.6,0,0,
2025-10-27 16:59:57,centered,11,12.95,0,0,
2025-10-27 16:59:57,centered,31,17.46,0,0,
2025-10-27 16:59:57,right_drift,48,25.1,0,0,
2025-10-27 16:59:58,right_drift,56,32.82,0,0,
2025-10-27 16:59:58,centered,15,28.37,0,0,
2025-10-27 16:59:58,centered,20,26.28,0,0,
2025-10-27 16:59:58,right_drift,51,32.46,0,0,
2025-10-27 16:59:58,left_drift,-51,11.59,0,0,
2025-10-27 16:59:58,left_drift,-65,-7.56,0,0,
2025-10-27 16:59:58,centered,-5,-6.92,0,0,
2025-10-27 16:59:59,lane_boundary_missing,0,-5.19,0,0,
2025-10-27 16:59:59,lane_boundary_missing,0,-3.89,0,0,
2025-10-27 16:59:59,centered,8,-0.92,0,0,
2025-10-27 16:59:59,lane_boundary_missing,0,-0.69,0,0,
2025-10-27 16:59:59,lane_boundary_missing,0,-0.52,0,0,
2025-10-27 16:59:59,lane_boundary_missing,0,-0.39,0,0,
2025-10-27 16:59:59,right_drift,87,21.46,0,0,
2025-10-27 16:59:59,right_drift,115,44.84,0,0,
2025-10-27 17:00:00,right_drift,103,59.38,0,0,
2025-10-27 17:00:00,right_drift,128,76.54,0,0,
2025-10-27 17:00:00,right_drift,107,84.15,0,0,
2025-10-27 17:00:00,right_drift,108,90.11,0,0,
2025-10-27 17:00:00,right_drift,91,90.34,0,0,
2025-10-27 17:00:00,right_drift,115,96.5,0,0,
2025-10-27 17:00:00,right_drift,112,100.38,0,0,unsignaled_right_deviation
2025-10-27 17:00:01,right_drift,56,89.28,0,0,
2025-10-27 17:00:01,right_drift,96,90.96,0,0,
2025-10-27 17:00:01,right_drift,58,82.72,0,0,
2025-10-27 17:00:01,lane_boundary_missing,0,62.04,0,0,
2025-10-27 17:00:01,right_drift,58,61.03,0,0,
2025-10-27 17:00:01,right_drift,76,64.77,0,0,
2025-10-27 17:00:01,right_drift,98,73.08,0,0,
2025-10-27 17:00:01,centered,11,57.56,0,0,
2025-10-27 17:00:02,right_drift,87,64.92,0,0,
2025-10-27 17:00:02,right_drift,41,58.94,0,0,
2025-10-27 17:00:02,right_drift,78,63.7,0,0,
2025-10-27 17:00:02,right_drift,79,67.53,0,0,
2025-10-27 17:00:02,centered,21,55.9,0,0,
2025-10-27 17:00:02,right_drift,81,62.17,0,0,
2025-10-27 17:00:02,centered,17,50.88,0,0,
2025-10-27 17:00:03,right_drift,62,53.66,0,0,
2025-10-27 17:00:03,right_drift,89,62.49,0,0,
2025-10-27 17:00:03,right_drift,66,63.37,0,0,
2025-10-27 17:00:03,right_drift,81,67.78,0,0,
2025-10-27 17:00:03,right_drift,64,66.83,0,0,
2025-10-27 17:00:03,right_drift,42,60.63,0,0,
2025-10-27 17:00:03,right_drift,103,71.22,0,0,
2025-10-27 17:00:03,right_drift,60,68.41,0,0,unsignaled_right_deviation
2025-10-27 17:00:04,right_drift,62,66.81,0,0,
2025-10-27 17:00:04,centered,39,59.86,0,0,
2025-10-27 17:00:04,right_drift,44,55.89,0,0,
2025-10-27 17:00:04,centered,29,49.17,0,0,
2025-10-27 17:00:04,right_drift,49,49.13,0,0,
2025-10-27 17:00:04,right_drift,41,47.1,0,0,
2025-10-27 17:00:04,right_drift,47,47.07,0,0,
2025-10-27 17:00:05,right_drift,90,57.8,0,0,
2025-10-27 17:00:05,right_drift,69,60.6,0,0,
2025-10-27 17:00:05,right_drift,97,69.7,0,0,
2025-10-27 17:00:05,right_drift,55,66.03,0,0,
2025-10-27 17:00:05,right_drift,82,70.02,0,0,
2025-10-27 17:00:05,right_drift,95,76.26,0,0,
2025-10-27 17:00:05,right_drift,96,81.2,0,0,
2025-10-27 17:00:05,right_drift,93,84.15,0,0,
2025-10-27 17:00:06,right_drift,99,87.86,0,0,
2025-10-27 17:00:06,right_drift,65,82.15,0,0,
2025-10-27 17:00:06,right_drift,67,78.36,0,0,
2025-10-27 17:00:06,right_drift,81,79.02,0,0,
2025-10-27 17:00:06,right_drift,92,82.26,0,0,
2025-10-27 17:00:06,right_drift,89,83.95,0,0,
2025-10-27 17:00:06,right_drift,86,84.46,0,0,
2025-10-27 17:00:07,right_drift,89,85.6,0,0,unsignaled_right_deviation
2025-10-27 17:00:07,right_drift,94,87.7,0,0,
2025-10-27 17:00:07,right_drift,125,97.02,0,0,
2025-10-27 17:00:07,right_drift,103,98.52,0,0,
2025-10-27 17:00:07,right_drift,64,89.89,0,0,
2025-10-27 17:00:07,centered,28,74.42,0,0,
2025-10-27 17:00:07,right_drift,89,78.06,0,0,
2025-10-27 17:00:07,right_drift,112,86.55,0,0,
2025-10-27 17:00:08,right_drift,93,88.16,0,0,
2025-10-27 17:00:08,right_drift,78,85.62,0,0,
2025-10-27 17:00:08,right_drift,71,81.96,0,0,
2025-10-27 17:00:08,right_drift,42,71.97,0,0,
2025-10-27 17:00:08,lane_boundary_missing,0,53.98,0,0,
2025-10-27 17:00:08,centered,33,48.74,0,0,
2025-10-27 17:02:00,no_lanes_detected,0,0.0,0,0,
2025-10-27 17:02:00,right_drift,41,10.25,0,0,
2025-10-27 17:02:00,centered,5,8.94,0,0,
2025-10-27 17:02:01,centered,40,16.7,0,0,
2025-10-27 17:02:01,right_drift,60,27.53,0,0,
2025-10-27 17:02:01,right_drift,63,36.4,0,0,
2025-10-27 17:02:01,centered,37,36.55,0,0,
2025-10-27 17:02:01,right_drift,50,39.91,0,0,
2025-10-27 17:02:01,right_drift,51,42.68,0,0,
2025-10-27 17:02:01,centered,39,41.76,0,0,
2025-10-27 17:02:02,right_drift,80,51.32,0,0,
2025-10-27 17:02:02,centered,-3,37.74,0,0,
2025-10-27 17:02:02,right_drift,95,52.06,0,0,
2025-10-27 17:02:02,right_drift,79,58.79,0,0,
2025-10-27 17:02:02,right_drift,70,61.59,0,0,
2025-10-27 17:02:02,right_drift,82,66.7,0,0,
2025-10-27 17:02:02,right_drift,62,65.52,0,0,
2025-10-27 17:02:02,right_drift,83,69.89,0,0,
2025-10-27 17:02:03,centered,38,61.92,0,0,
2025-10-27 17:02:03,right_drift,63,62.19,0,0,unsignaled_right_deviation
2025-10-27 17:02:03,right_drift,143,82.39,0,0,
2025-10-27 17:02:03,right_drift,92,84.79,0,0,
2025-10-27 17:02:03,lane_boundary_missing,0,63.6,0,0,
2025-10-27 17:02:03,lane_boundary_missing,0,47.7,0,0,
2025-10-27 17:02:03,centered,19,40.52,0,0,
2025-10-27 17:02:03,lane_boundary_missing,0,30.39,0,0,
2025-10-27 17:02:04,right_drift,94,46.29,0,0,
2025-10-27 17:02:04,lane_boundary_missing,0,34.72,0,0,
2025-10-27 17:02:04,lane_boundary_missing,0,26.04,0,0,
2025-10-27 17:02:04,centered,-24,13.53,0,0,
2025-10-27 17:02:04,centered,-10,7.65,0,0,
2025-10-27 17:02:04,centered,-8,3.74,0,0,
2025-10-27 17:02:04,centered,-9,0.55,0,0,
2025-10-27 17:02:05,centered,-2,-0.09,0,0,
2025-10-27 17:02:05,centered,17,4.19,0,0,
2025-10-27 17:02:05,lane_boundary_missing,0,3.14,0,0,
2025-10-27 17:02:05,lane_boundary_missing,0,2.35,0,0,
2025-10-27 17:02:05,centered,6,3.27,0,0,
2025-10-27 17:02:05,centered,-5,1.2,0,0,
2025-10-27 17:02:05,lane_boundary_missing,0,0.9,0,0,
2025-10-27 17:02:05,centered,-3,-0.08,0,0,
2025-10-27 17:02:06,centered,-2,-0.56,0,0,
2025-10-27 17:02:06,centered,-15,-4.17,0,0,
2025-10-27 17:02:06,centered,-8,-5.13,0,0,
2025-10-27 17:02:06,centered,2,-3.34,0,0,
2025-10-27 17:02:06,centered,12,0.49,0,0,
2025-10-27 17:02:06,lane_boundary_missing,0,0.37,0,0,
2025-10-27 17:02:06,lane_boundary_missing,0,0.28,0,0,
2025-10-27 17:02:06,lane_boundary_missing,0,0.21,0,0,
2025-10-27 17:02:07,right_drift,80,20.16,0,0,
2025-10-27 17:02:07,lane_boundary_missing,0,15.12,0,0,
2025-10-27 17:02:07,right_drift,64,27.34,0,0,
2025-10-27 17:02:07,right_drift,86,42.0,0,0,
2025-10-27 17:02:07,right_drift,67,48.25,0,0,
2025-10-27 17:02:07,right_drift,45,47.44,0,0,
2025-10-27 17:02:07,lane_boundary_missing,0,35.58,0,0,
2025-10-27 17:02:08,right_drift,83,47.43,0,0,
2025-10-27 17:02:08,lane_boundary_missing,0,35.58,0,0,
2025-10-27 17:02:08,right_drift,67,43.43,0,0,
2025-10-27 17:02:08,centered,-8,30.57,0,0,
2025-10-27 17:02:08,centered,-20,17.93,0,0,
2025-10-27 17:02:08,right_drift,54,26.95,0,0,
2025-10-27 17:02:08,right_drift,82,40.71,0,0,
2025-10-27 17:02:09,right_drift,61,45.78,0,0,
2025-10-27 17:02:09,right_drift,59,49.09,0,0,
2025-10-27 17:02:09,lane_boundary_missing,0,36.82,0,0,
2025-10-27 17:02:09,right_drift,48,39.61,0,0,
2025-10-27 17:02:09,right_drift,69,46.96,0,0,
2025-10-27 17:02:09,right_drift,42,45.72,0,0,
2025-10-27 17:02:09,right_drift,48,46.29,0,0,
2025-10-27 17:02:09,right_drift,59,49.47,0,0,
2025-10-27 17:02:10,right_drift,48,49.1,0,0,
2025-10-27 17:02:10,right_drift,113,65.08,0,0,
2025-10-27 17:02:10,right_drift,65,65.06,0,0,
2025-10-27 17:02:10,lane_boundary_missing,0,48.79,0,0,
2025-10-27 17:02:10,centered,32,44.59,0,0,
2025-10-27 17:02:10,centered,7,35.2,0,0,
2025-10-27 17:02:10,right_drift,55,40.15,0,0,
2025-10-27 17:02:11,right_drift,58,44.61,0,0,
2025-10-27 17:02:11,right_drift,70,50.96,0,0,
2025-10-27 17:02:11,right_drift,68,55.22,0,0,
2025-10-27 17:02:11,right_drift,77,60.66,0,0,
2025-10-27 17:02:11,centered,18,50.0,0,0,
2025-10-27 17:02:11,centered,7,39.25,0,0,
2025-10-27 17:02:11,centered,-15,25.69,0,0,
2025-10-27 17:02:11,centered,17,23.51,0,0,
2025-10-27 17:02:12,right_drift,47,29.39,0,0,
2025-10-27 17:02:12,centered,39,31.79,0,0,
2025-10-27 17:02:12,right_drift,49,36.09,0,0,
2025-10-27 17:02:12,right_drift,55,40.82,0,0,
2025-10-27 17:02:12,right_drift,41,40.86,0,0,
2025-10-27 17:02:12,centered,38,40.15,0,0,
2025-10-27 17:02:12,lane_boundary_missing,0,30.11,0,0,
2025-10-27 17:02:13,centered,25,28.83,0,0,
2025-10-27 17:02:13,right_drift,89,43.88,0,0,
2025-10-27 17:02:13,right_drift,78,52.41,0,0,
2025-10-27 17:02:13,right_drift,72,57.3,0,0,
2025-10-27 17:02:13,right_drift,53,56.23,0,0,
2025-10-27 17:02:13,right_drift,55,55.92,0,0,
2025-10-27 17:02:13,right_drift,69,59.19,0,0,
2025-10-27 17:02:13,lane_boundary_missing,0,44.39,0,0,
2025-10-27 17:02:14,right_drift,69,50.54,0,0,
2025-10-27 17:02:14,right_drift,108,64.91,0,0,
2025-10-27 17:02:14,right_drift,76,67.68,0,0,
2025-10-27 17:02:14,centered,-38,41.26,0,0,
2025-10-27 17:02:14,right_drift,68,47.95,0,0,
2025-10-27 17:02:14,right_drift,120,65.96,0,0,
2025-10-27 17:02:14,right_drift,81,69.72,0,0,
2025-10-27 17:02:14,centered,10,54.79,0,0,
2025-10-27 17:02:15,right_drift,63,56.84,0,0,
2025-10-27 17:02:15,right_drift,106,69.13,0,0,
2025-10-27 17:02:15,right_drift,62,67.35,0,0,
2025-10-27 17:02:15,right_drift,75,69.26,0,0,
2025-10-27 17:02:15,centered,13,55.2,0,0,
2025-10-27 17:02:15,centered,-5,40.15,0,0,
2025-10-27 17:02:15,lane_boundary_missing,0,30.11,0,0,
2025-10-27 17:02:16,centered,36,31.58,0,0,
2025-10-27 17:02:16,centered,4,24.69,0,0,
2025-10-27 17:02:16,centered,-16,14.52,0,0,
2025-10-27 17:02:16,centered,-17,6.64,0,0,
2025-10-27 17:02:16,centered,15,8.73,0,0,
2025-10-27 17:02:16,centered,-1,6.3,0,0,
2025-10-27 17:02:16,centered,38,14.22,0,0,
2025-10-27 17:02:16,centered,38,20.17,0,0,
2025-10-27 17:02:17,centered,-10,12.62,0,0,
2025-10-27 17:02:17,centered,30,16.97,0,0,
2025-10-27 17:02:17,lane_boundary_missing,0,12.73,0,0,
2025-10-27 17:02:17,centered,20,14.54,0,0,
2025-10-27 17:02:17,lane_boundary_missing,0,10.91,0,0,
2025-10-27 17:02:17,lane_boundary_missing,0,8.18,0,0,
2025-10-27 17:02:17,lane_boundary_missing,0,6.14,0,0,
2025-10-27 17:02:18,lane_boundary_missing,0,4.6,0,0,
2025-10-27 17:02:18,right_drift,56,17.45,0,0,
2025-10-27 17:02:18,centered,21,18.34,0,0,
2025-10-27 17:02:18,right_drift,46,25.25,0,0,
2025-10-27 17:02:18,lane_boundary_missing,0,18.94,0,0,
2025-10-27 17:02:18,centered,21,19.46,0,0,
2025-10-27 17:02:18,centered,17,18.84,0,0,
2025-10-27 17:02:18,centered,22,19.63,0,0,
2025-10-27 17:02:19,centered,-10,12.22,0,0,
2025-10-27 17:02:19,centered,25,15.42,0,0,
2025-10-27 17:02:19,centered,-29,4.31,0,0,
2025-10-27 17:02:19,centered,23,8.98,0,0,
2025-10-27 17:02:19,right_drift,63,22.49,0,0,
2025-10-27 17:02:19,centered,29,24.12,0,0,
2025-10-27 17:02:19,centered,18,22.59,0,0,
2025-10-27 17:02:19,right_drift,55,30.69,0,0,
2025-10-27 17:02:20,centered,34,31.52,0,0,
2025-10-27 17:02:20,right_drift,59,38.39,0,0,
2025-10-27 17:02:20,centered,8,30.79,0,0,
2025-10-27 17:02:20,lane_boundary_missing,0,23.09,0,0,
2025-10-27 17:02:20,centered,18,21.82,0,0,
2025-10-27 17:02:20,right_drift,56,30.37,0,0,
2025-10-27 17:02:20,centered,28,29.77,0,0,
2025-10-27 17:02:21,centered,31,30.08,0,0,
2025-10-27 17:02:21,right_drift,46,34.06,0,0,
2025-10-27 17:02:21,centered,-1,25.3,0,0,
2025-10-27 17:02:21,right_drift,69,36.22,0,0,
2025-10-27 17:02:21,right_drift,47,38.92,0,0,
2025-10-27 17:02:21,right_drift,57,43.44,0,0,
2025-10-27 17:02:21,centered,-4,31.58,0,0,
2025-10-27 17:02:21,centered,24,29.68,0,0,
2025-10-27 17:02:22,centered,-24,16.26,0,0,
2025-10-27 17:02:22,left_drift,-43,1.45,0,0,
2025-10-27 17:02:22,centered,9,3.34,0,0,
2025-10-27 17:02:22,centered,-34,-6.0,0,0,
2025-10-27 17:02:22,centered,38,5.0,0,0,
2025-10-27 17:02:22,centered,32,11.75,0,0,
2025-10-27 17:02:22,centered,39,18.56,0,0,
2025-10-27 17:02:23,centered,15,17.67,0,0,
2025-10-27 17:02:23,centered,33,21.5,0,0,
2025-10-27 17:02:23,lane_boundary_missing,0,16.13,0,0,
2025-10-27 17:02:23,right_drift,75,30.85,0,0,
2025-10-27 17:02:23,right_drift,78,42.63,0,0,
2025-10-27 17:02:23,centered,2,32.48,0,0,
2025-10-27 17:02:23,right_drift,71,42.11,0,0,
2025-10-27 17:02:23,centered,14,35.08,0,0,
2025-10-27 17:02:24,centered,11,29.06,0,0,
2025-10-27 17:02:24,centered,2,22.3,0,0,
2025-10-27 17:02:24,centered,28,23.72,0,0,
2025-10-27 17:02:24,centered,38,27.29,0,0,
2025-10-27 17:02:24,centered,21,25.72,0,0,
2025-10-27 17:02:24,right_drift,59,34.04,0,0,
2025-10-27 17:02:24,right_drift,56,39.53,0,0,
2025-10-27 17:02:25,right_drift,76,48.65,0,0,
2025-10-27 17:02:25,right_drift,65,52.74,0,0,
2025-10-27 17:02:25,lane_boundary_missing,0,39.55,0,0,
2025-10-27 17:02:25,centered,27,36.41,0,0,
2025-10-27 17:02:25,lane_boundary_missing,0,27.31,0,0,
2025-10-27 17:02:25,centered,20,25.48,0,0,
2025-10-27 17:02:25,centered,40,29.11,0,0,
2025-10-27 17:02:25,centered,30,29.33,0,0,
2025-10-27 17:02:26,centered,-8,20.0,0,0,
2025-10-27 17:02:26,centered,1,15.25,0,0,
2025-10-27 17:02:26,centered,33,19.69,0,0,
2025-10-27 17:02:26,centered,2,15.27,0,0,
2025-10-27 17:02:26,centered,25,17.7,0,0,
2025-10-27 17:02:26,centered,19,18.02,0,0,
2025-10-27 17:02:26,right_drift,90,36.02,0,0,
2025-10-27 17:02:27,centered,18,31.51,0,0,
2025-10-27 17:02:27,centered,8,25.64,0,0,
2025-10-27 17:02:27,right_drift,44,30.23,0,0,
2025-10-27 17:02:27,right_drift,65,38.92,0,0,
2025-10-27 17:02:27,right_drift,55,42.94,0,0,
2025-10-27 17:02:27,centered,29,39.45,0,0,
2025-10-27 17:02:27,right_drift,59,44.34,0,0,
2025-10-27 17:02:27,right_drift,62,48.76,0,0,
2025-10-27 17:02:28,right_drift,68,53.57,0,0,
2025-10-27 17:02:28,right_drift,52,53.18,0,0,
2025-10-27 17:02:28,centered,25,46.13,0,0,
2025-10-27 17:02:28,right_drift,57,48.85,0,0,
2025-10-27 17:02:28,right_drift,51,49.39,0,0,
2025-10-27 17:02:28,right_drift,64,53.04,0,0,
2025-10-27 17:02:28,centered,30,47.28,0,0,
2025-10-27 17:02:29,centered,21,40.71,0,0,
2025-10-27 17:02:29,right_drift,46,42.03,0,0,
2025-10-27 17:02:29,right_drift,71,49.27,0,0,
2025-10-27 17:02:29,right_drift,93,60.21,0,0,
2025-10-27 17:02:29,right_drift,113,73.4,0,0,
2025-10-27 17:02:29,right_drift,111,82.8,0,0,
2025-10-27 17:02:29,lane_boundary_missing,0,62.1,0,0,
2025-10-27 17:02:29,right_drift,118,76.08,0,0,
2025-10-27 17:02:30,right_drift,115,85.81,0,0,unsignaled_right_deviation
2025-10-27 17:02:30,centered,15,68.11,0,0,
2025-10-27 17:02:30,centered,16,55.08,0,0,
2025-10-27 17:02:30,right_drift,47,53.06,0,0,
2025-10-27 17:02:30,centered,34,48.29,0,0,
2025-10-27 17:02:30,right_drift,53,49.47,0,0,
2025-10-27 17:02:30,lane_boundary_missing,0,37.1,0,0,
2025-10-27 17:02:31,centered,-11,25.08,0,0,
2025-10-27 17:02:31,centered,10,21.31,0,0,
2025-10-27 17:02:31,right_drift,79,35.73,0,0,
2025-10-27 17:02:31,right_drift,56,40.8,0,0,
2025-10-27 17:02:31,lane_boundary_missing,0,30.6,0,0,
2025-10-27 17:02:31,right_drift,41,33.2,0,0,
2025-10-27 17:02:31,right_drift,71,42.65,0,0,
2025-10-27 17:02:31,right_drift,68,48.99,0,0,
2025-10-27 17:02:32,centered,27,43.49,0,0,
2025-10-27 17:02:32,centered,34,41.12,0,0,
2025-10-27 17:02:32,centered,39,40.59,0,0,
2025-10-27 17:02:32,right_drift,41,40.69,0,0,
2025-10-27 17:02:32,right_drift,67,47.27,0,0,
2025-10-27 17:02:32,right_drift,50,47.95,0,0,
2025-10-27 17:02:32,right_drift,56,49.96,0,0,
2025-10-27 17:02:32,right_drift,66,53.97,0,0,
2025-10-27 17:02:33,right_drift,49,52.73,0,0,
2025-10-27 17:02:33,right_drift,49,51.8,0,0,
2025-10-27 17:02:33,right_drift,64,54.85,0,0,
2025-10-27 17:02:33,right_drift,54,54.64,0,0,
2025-10-27 17:02:33,centered,22,46.48,0,0,
2025-10-27 17:02:33,right_drift,61,50.11,0,0,
2025-10-27 17:02:33,right_drift,82,58.08,0,0,
2025-10-27 17:02:34,right_drift,57,57.81,0,0,
2025-10-27 17:02:34,right_drift,59,58.11,0,0,
2025-10-27 17:02:34,right_drift,57,57.83,0,0,
2025-10-27 17:02:34,right_drift,43,54.12,0,0,
2025-10-27 17:02:34,right_drift,66,57.09,0,0,
2025-10-27 17:02:34,right_drift,70,60.32,0,0,
2025-10-27 17:02:34,right_drift,61,60.49,0,0,
2025-10-27 17:02:34,right_drift,82,65.87,0,0,
2025-10-27 17:02:35,right_drift,68,66.4,0,0,
2025-10-27 17:02:35,right_drift,42,60.3,0,0,
2025-10-27 17:02:35,right_drift,46,56.73,0,0,
2025-10-27 17:02:35,right_drift,82,63.04,0,0,
2025-10-27 17:02:35,right_drift,68,64.28,0,0,unsignaled_right_deviation
2025-10-27 17:02:35,right_drift,58,62.71,0,0,
2025-10-27 17:02:35,right_drift,58,61.53,0,0,
2025-10-27 17:02:36,right_drift,59,60.9,0,0,
2025-10-27 17:02:36,right_drift,50,58.18,0,0,
2025-10-27 17:02:36,centered,16,47.63,0,0,
2025-10-27 17:02:36,right_drift,57,49.97,0,0,
2025-10-27 17:02:36,right_drift,50,49.98,0,0,
2025-10-27 17:02:36,right_drift,92,60.49,0,0,
2025-10-27 17:02:36,right_drift,55,59.11,0,0,
2025-10-27 17:02:36,right_drift,46,55.84,0,0,
2025-10-27 17:02:37,centered,28,48.88,0,0,
2025-10-27 17:02:37,right_drift,48,48.66,0,0,
2025-10-27 17:02:37,centered,34,44.99,0,0,
2025-10-27 17:02:37,right_drift,50,46.24,0,0,
2025-10-27 17:02:37,right_drift,59,49.43,0,0,
2025-10-27 17:02:37,right_drift,65,53.33,0,0,
2025-10-27 17:02:37,right_drift,54,53.49,0,0,
2025-10-27 17:02:38,right_drift,53,53.37,0,0,
2025-10-27 17:02:38,right_drift,44,51.03,0,0,
2025-10-27 17:02:38,right_drift,68,55.27,0,0,
2025-10-27 17:02:38,right_drift,55,55.2,0,0,
2025-10-27 17:02:38,right_drift,73,59.65,0,0,
2025-10-27 17:02:38,right_drift,69,61.99,0,0,
2025-10-27 17:02:38,right_drift,61,61.74,0,0,
2025-10-27 17:02:38,right_drift,58,60.81,0,0,
2025-10-27 17:02:39,right_drift,79,65.35,0,0,
2025-10-27 17:02:39,right_drift,78,68.52,0,0,
2025-10-27 17:02:39,right_drift,48,63.39,0,0,unsignaled_right_deviation
2025-10-27 17:02:39,right_drift,75,66.29,0,0,
2025-10-27 17:02:39,right_drift,63,65.47,0,0,
2025-10-27 17:02:39,right_drift,48,61.1,0,0,
2025-10-27 17:02:39,centered,37,55.08,0,0,
2025-10-27 17:02:40,right_drift,49,53.56,0,0,
2025-10-27 17:02:40,right_drift,52,53.17,0,0,
2025-10-27 17:02:40,centered,32,47.88,0,0,
2025-10-27 17:02:40,right_drift,56,49.91,0,0,
2025-10-27 17:02:40,right_drift,49,49.68,0,0,
2025-10-27 17:02:40,right_drift,79,57.01,0,0,
2025-10-27 17:02:40,right_drift,59,57.51,0,0,
2025-10-27 17:02:40,right_drift,68,60.13,0,0,
2025-10-27 17:02:41,right_drift,61,60.35,0,0,
2025-10-27 17:02:41,right_drift,60,60.26,0,0,
2025-10-27 17:02:41,right_drift,60,60.2,0,0,
2025-10-27 17:02:41,right_drift,41,55.4,0,0,
2025-10-27 17:02:41,right_drift,52,54.55,0,0,
2025-10-27 17:02:41,right_drift,45,52.16,0,0,
2025-10-27 17:02:41,right_drift,43,49.87,0,0,
2025-10-27 17:02:42,right_drift,42,47.9,0,0,
2025-10-27 17:02:42,right_drift,59,50.68,0,0,
2025-10-27 17:02:42,right_drift,46,49.51,0,0,
2025-10-27 17:02:42,right_drift,49,49.38,0,0,
2025-10-27 17:02:42,right_drift,73,55.29,0,0,
2025-10-27 17:02:42,right_drift,66,57.96,0,0,
2025-10-27 17:02:42,right_drift,67,60.22,0,0,
2025-10-27 17:02:42,right_drift,64,61.17,0,0,
2025-10-27 17:02:43,right_drift,56,59.88,0,0,
2025-10-27 17:02:43,right_drift,51,57.66,0,0,
2025-10-27 17:02:43,right_drift,59,57.99,0,0,
2025-10-27 17:02:43,right_drift,63,59.24,0,0,
2025-10-27 17:02:43,right_drift,56,58.43,0,0,
2025-10-27 17:02:43,right_drift,66,60.32,0,0,
2025-10-27 17:02:43,right_drift,59,59.99,0,0,
2025-10-27 17:02:44,right_drift,58,59.5,0,0,
2025-10-27 17:02:44,right_drift,59,59.37,0,0,
2025-10-27 17:02:44,centered,35,53.28,0,0,
2025-10-27 17:02:44,right_drift,55,53.71,0,0,
2025-10-27 17:02:44,right_drift,54,53.78,0,0,
2025-10-27 17:02:44,right_drift,48,52.34,0,0,
2025-10-27 17:02:44,right_drift,61,54.5,0,0,
2025-10-27 17:02:44,right_drift,47,52.63,0,0,
2025-10-27 17:02:45,right_drift,60,54.47,0,0,
2025-10-27 17:02:45,right_drift,44,51.85,0,0,
2025-10-27 17:02:45,right_drift,56,52.89,0,0,
2025-10-27 17:02:45,right_drift,59,54.42,0,0,
2025-10-27 17:02:45,right_drift,59,55.56,0,0,
2025-10-27 17:02:45,right_drift,65,57.92,0,0,
2025-10-27 17:02:45,right_drift,44,54.44,0,0,
2025-10-27 17:02:46,right_drift,59,55.58,0,0,
2025-10-27 17:02:46,right_drift,58,56.19,0,0,
2025-10-27 17:02:46,right_drift,51,54.89,0,0,
2025-10-27 17:02:46,right_drift,48,53.17,0,0,
2025-10-27 17:02:46,right_drift,60,54.88,0,0,
2025-10-27 17:02:46,right_drift,53,54.41,0,0,
2025-10-27 17:02:46,right_drift,44,51.8,0,0,
2025-10-27 17:02:46,right_drift,60,53.85,0,0,
2025-10-27 17:02:47,right_drift,68,57.39,0,0,
2025-10-27 17:02:47,right_drift,60,58.04,0,0,
2025-10-27 17:02:47,right_drift,55,57.28,0,0,
2025-10-27 17:02:47,right_drift,42,53.46,0,0,
2025-10-27 17:02:47,right_drift,58,54.6,0,0,
2025-10-27 17:02:47,right_drift,52,53.95,0,0,
2025-10-27 17:02:47,right_drift,62,55.96,0,0,
2025-10-27 17:02:48,right_drift,47,53.72,0,0,
2025-10-27 17:02:48,right_drift,64,56.29,0,0,
2025-10-27 17:02:48,right_drift,63,57.97,0,0,
2025-10-27 17:02:48,right_drift,56,57.48,0,0,
2025-10-27 17:02:48,right_drift,67,59.86,0,0,
2025-10-27 17:02:48,right_drift,56,58.89,0,0,
2025-10-27 17:02:48,right_drift,58,58.67,0,0,
2025-10-27 17:02:48,centered,40,54.0,0,0,
2025-10-27 17:02:49,right_drift,54,54.0,0,0,
2025-10-27 17:02:49,right_drift,64,56.5,0,0,
2025-10-27 17:02:49,right_drift,57,56.63,0,0,
2025-10-27 17:02:49,right_drift,74,60.97,0,0,
2025-10-27 17:02:49,right_drift,56,59.73,0,0,
2025-10-27 17:02:49,right_drift,62,60.3,0,0,
2025-10-27 17:02:49,right_drift,59,59.97,0,0,
2025-10-27 17:02:50,centered,-14,41.48,0,0,
2025-10-27 17:02:50,right_drift,49,43.36,0,0,
2025-10-27 17:02:50,right_drift,61,47.77,0,0,
2025-10-27 17:02:50,centered,-1,35.58,0,0,
2025-10-27 17:02:50,right_drift,48,38.68,0,0,
2025-10-27 17:02:50,centered,32,37.01,0,0,
2025-10-27 17:02:50,centered,27,34.51,0,0,
2025-10-27 17:02:50,centered,-11,23.13,0,0,
2025-10-27 17:02:51,centered,38,26.85,0,0,
2025-10-27 17:02:51,right_drift,46,31.64,0,0,
2025-10-27 17:02:51,right_drift,44,34.73,0,0,
2025-10-27 17:02:51,right_drift,48,38.05,0,0,
2025-10-27 17:02:51,centered,36,37.53,0,0,
2025-10-27 17:02:51,right_drift,85,49.4,0,0,
2025-10-27 17:02:51,right_drift,90,59.55,0,0,
2025-10-27 17:02:51,centered,28,51.66,0,0,
2025-10-27 17:02:52,centered,30,46.25,0,0,
2025-10-27 17:02:52,lane_boundary_missing,0,34.69,0,0,
2025-10-27 17:02:52,right_drift,49,38.26,0,0,
2025-10-27 17:02:52,centered,31,36.45,0,0,
2025-10-27 17:02:52,centered,20,32.34,0,0,
2025-10-27 17:02:52,centered,-12,21.25,0,0,
2025-10-27 17:02:52,centered,17,20.19,0,0,
2025-10-27 17:02:53,centered,38,24.64,0,0,
2025-10-27 17:02:53,centered,-9,16.23,0,0,
2025-10-27 17:02:53,lane_boundary_missing,0,12.17,0,0,
2025-10-27 17:02:53,right_drift,83,29.88,0,0,
2025-10-27 17:02:53,right_drift,75,41.16,0,0,
2025-10-27 17:02:53,right_drift,93,54.12,0,0,
2025-10-27 17:02:53,right_drift,87,62.34,0,0,
2025-10-27 17:02:53,centered,-17,42.51,0,0,
2025-10-27 17:02:54,lane_boundary_missing,0,31.88,0,0,
2025-10-27 17:02:54,centered,36,32.91,0,0,
2025-10-27 17:02:54,lane_boundary_missing,0,24.68,0,0,
2025-10-27 17:02:54,lane_boundary_missing,0,18.51,0,0,
2025-10-27 17:02:54,centered,-15,10.13,0,0,
2025-10-27 17:02:54,right_drift,89,29.85,0,0,
2025-10-27 17:02:54,centered,35,31.14,0,0,
2025-10-27 17:02:55,right_drift,57,37.6,0,0,
2025-10-27 17:02:55,centered,37,37.45,0,0,
2025-10-27 17:02:55,centered,6,29.59,0,0,
2025-10-27 17:02:55,centered,27,28.94,0,0,
2025-10-27 17:02:55,centered,4,22.71,0,0,
2025-10-27 17:02:55,centered,38,26.53,0,0,
2025-10-27 17:02:55,centered,30,27.4,0,0,
2025-10-27 17:02:55,centered,-30,13.05,0,0,
2025-10-27 17:02:56,centered,-15,6.04,0,0,
2025-10-27 17:02:56,right_drift,55,18.28,0,0,
2025-10-27 17:02:56,right_drift,54,27.21,0,0,
2025-10-27 17:02:56,centered,4,21.41,0,0,
2025-10-27 17:02:56,lane_boundary_missing,0,16.05,0,0,
2025-10-27 17:02:56,lane_boundary_missing,0,12.04,0,0,
2025-10-27 17:02:56,lane_boundary_missing,0,9.03,0,0,
2025-10-27 17:02:57,lane_boundary_missing,0,6.77,0,0,
2025-10-27 17:02:57,centered,-12,2.08,0,0,
2025-10-27 17:02:57,lane_boundary_missing,0,1.56,0,0,
2025-10-27 17:02:57,lane_boundary_missing,0,1.17,0,0,
2025-10-27 17:02:57,left_drift,-43,-9.87,0,0,
2025-10-27 17:02:57,centered,-39,-17.15,0,0,
2025-10-27 17:02:57,lane_boundary_missing,0,-12.87,0,0,
2025-10-27 17:02:57,lane_boundary_missing,0,-9.65,0,0,
2025-10-27 17:02:58,centered,-5,-8.49,0,0,
2025-10-27 17:02:58,lane_boundary_missing,0,-6.37,0,0,
2025-10-27 17:02:58,centered,-13,-8.02,0,0,
2025-10-27 17:02:58,centered,-10,-8.52,0,0,
2025-10-27 17:02:58,centered,-9,-8.64,0,0,
2025-10-27 17:02:58,centered,-9,-8.73,0,0,
2025-10-27 17:02:58,centered,-12,-9.55,0,0,
2025-10-27 17:02:59,centered,-9,-9.41,0,0,
2025-10-27 17:02:59,centered,-12,-10.06,0,0,
2025-10-27 17:02:59,centered,-10,-10.04,0,0,
2025-10-27 17:02:59,right_drift,42,2.97,0,0,
2025-10-27 17:02:59,centered,28,9.23,0,0,
2025-10-27 17:02:59,centered,19,11.67,0,0,
2025-10-27 17:02:59,lane_boundary_missing,0,8.75,0,0,
2025-10-27 17:02:59,centered,-7,4.81,0,0,
2025-10-27 17:03:00,right_drift,109,30.86,0,0,
2025-10-27 17:03:00,lane_boundary_missing,0,23.15,0,0,
2025-10-27 17:03:00,centered,-16,13.36,0,0,
2025-10-27 17:03:00,centered,-14,6.52,0,0,
2025-10-27 17:03:00,centered,-1,4.64,0,0,
2025-10-27 17:03:00,centered,-8,1.48,0,0,
2025-10-27 17:03:00,centered,-3,0.36,0,0,
2025-10-27 17:03:01,centered,-25,-5.98,0,0,
2025-10-27 17:03:01,centered,-14,-7.99,0,0,
2025-10-27 17:03:01,lane_boundary_missing,0,-5.99,0,0,
2025-10-27 17:03:01,centered,-1,-4.74,0,0,
2025-10-27 17:03:01,right_drift,119,26.19,0,0,
2025-10-27 17:03:01,right_drift,47,31.4,0,0,
2025-10-27 17:03:01,centered,7,25.3,0,0,
2025-10-27 17:03:01,lane_boundary_missing,0,18.97,0,0,
2025-10-27 17:03:02,lane_boundary_missing,0,14.23,0,0,
2025-10-27 17:03:02,lane_boundary_missing,0,10.67,0,0,
2025-10-27 17:03:02,lane_boundary_missing,0,8.0,0,0,
2025-10-27 17:03:02,lane_boundary_missing,0,6.0,0,0,
2025-10-27 17:03:02,centered,-21,-0.75,0,0,
2025-10-27 17:03:02,centered,-5,-1.81,0,0,
2025-10-27 17:03:02,centered,-22,-6.86,0,0,
2025-10-27 17:03:03,lane_boundary_missing,0,-5.14,0,0,
2025-10-27 17:03:03,right_drift,49,8.39,0,0,
2025-10-27 17:03:03,centered,-18,1.79,0,0,
2025-10-27 17:03:03,right_drift,45,12.6,0,0,
2025-10-27 17:03:03,centered,-18,4.95,0,0,
2025-10-27 17:03:03,centered,-33,-4.54,0,0,
2025-10-27 17:03:03,right_drift,44,7.6,0,0,
2025-10-27 17:03:03,centered,36,14.7,0,0,
2025-10-27 17:03:04,centered,-18,6.52,0,0,
2025-10-27 17:03:04,centered,7,6.64,0,0,
2025-10-27 17:03:04,centered,-11,2.23,0,0,
